Name	Sequence	HLADQ	Reference	Ref_ID	PMID
DQ2.5-glia-ala	PFPQPELPY	HLA-DQ2.5	Arentz-Hansen et al. 2000	14	10684852
DQ2.5-glia-a1b	PYPQPELPY	HLA-DQ2.5	Arentz-Hansen et al. 2002	23	12198706
DQ2.5-glia-a2	PQOELPYPQ	HLA-DQ2.5	Arentz-Hansen et al. 2000	14	10684852
DQ2.5-glia-a3	FRPEQPYPQ	HLA-DQ2.5	Vader et al. 2002	19	12055577
					
DQ2.5-glia-y1	PQQSFPEQQ	HLA-DQ2.5	Sjöström et al. 1998	24	9716100
DQ2.5-glia-y2	IQPEQPAQL	HLA-DQ2.5	Qiao et al. 2005;Vader et al. 2002	25;19	15972656;12055577
DQ2.5-glia-y3	QQPEQPYPQ	HLA-DQ2.5	Arentz-Hansen et al. 2002	23	12198706
DQ2.5-glia-y4a	SQPEQEFPQ	HLA-DQ2.5	Arentz-Hansen et al. 2002	23	12198706
DQ2.5-glia-y4b	PQPEQEFPQ	HLA-DQ2.5	Qiao et al. 2005	25	15972656
DQ2.5-glia-y4c	QQPEQPFPQ	HLA-DQ2.5	Arentz-Hansen et al. 2002	23	12198706
DQ2.5-glia-y4d	PQPEQPFCQ	HLA-DQ2.5	Qiao and Sollid 2019		31673720
DQ2.5-glia-y4e	LQPEQPFPQ	HLA-DQ2.5	Qiao and Sollid 2019		31673720
DQ2.5-glia-y5	QQPFPEQPQ	HLA-DQ2.5	Arentz-Hansen et al. 2002	23	12198706
					
					
DQ2.5-glia-w1	PFPQPEQPF	HLA-DQ2.5	Tye-Din et al. 2010	62	20650871
DQ2.5-glia-w2	PQPEQPFPQ	HLA-DQ2.5	Tye-Din et al. 2010	62	20650871
					
DQ2.5-glut-L1	PFSEQEQPV	HLA-DQ2.5	Vader et al. 2002	19	12055577
DQ2.5-glut-L2	FSQQQESPF	HLA-DQ2.5	Stepniak et al. 2005;Vader et al. 2002	20;19	15714306;12055577
					
DQ2.5-hor-1	PFPQPEQPF	HLA-DQ2.5	Tye-Din et al. 2010;Vader et al. 2003	62;8	20650871;14517794 
DQ2.5-hor-2	PQPEQPFPQ	HLA-DQ2.5	Vader et al. 2003	8	14517794
DQ2.5-hor-3a	PIPEQPQPY	HLA-DQ2.5	Tye-Din et al. 2010	62	20650871
DQ2.5-hor-3b	PYPEQPQPY	HLA-DQ2.5	Hardy et al. 2015B	88	25457306
					
DQ2.5-sec-1	PFPQPEQPF	HLA-DQ2.5	Tye-Din et al. 2010;Vader et al. 2003	62;8	20650871;14517794
DQ2.5-sec-2	PQPEQPFPQ	HLA-DQ2.5	Vader et al. 2003	8	14517794
DQ2.5-sec-3	PFPEQPEQI	HLA-DQ2.5	Hardy et al. 2015B	88	25457306
					
DQ2.5-ave-1a	PYPEQEEPF	HLA-DQ2.5	Arentz-Hansen et al. 2004;Vader et al.2003	18;8	15526039;14517794
DQ2.5-ave-1b	PYPEQEQPF	HLA-DQ2.5	Arentz-Hansen et al. 2004;Vader et al.2003	18;8	15526039;14517794
DQ2.5-ave-1c	PYPEQEQPI	HLA-DQ2.5	Hardy et al. 2015B	88	25457306
					
DQ2.2-glut-L1	PFSEQEQPV	HLA-DQ2.2	Bodd et al. 2012	77	22108197
DQ2.2-glia-a1	QFSVQPQQL	HLA-DQ2.2	Dørum et al. 2014		25261484
DQ2.2-glia-a2	QYSQPEQPI	HLA-DQ2.2	Dørum et al. 2014		25261484
					
DQ8-glia-a1	EGSFQPSQE	HLA-DQ8	van de Wal et al. 1998	3	9707598
					
DQ8-glia-y1a	EQPQQPFPQ	HLA-DQ8	Tollefsen et al. 2006	17	16878175
DQ8-glia-y1b	EQPQQPYPE	HLA-DQ8	Tollefsen et al. 2006	17	16878175
DQ8-glia-y2	PQQSFPEQE	HLA-DQ8	Petersen et al. 2016		27568928
					
DQ8-glut-H1	QGYYPTSPQ	HLA-DQ8	van de Wal et al. 1999	7	10540324
					
DQ8.5-glia-a1	EGSFQPSQE	HLA-DQ8.5	Kooy-winkelaar et al. 2011	76	22013116
					
DQ8.5-glia-y1	PQQSFPEQE	HLA-DQ8.5	Kooy-winkelaar et al. 2011	76	22013116
					
DQ8.5-glut-H1	QGYYPTSPQ	HLA-DQ8.5	Kooy-winkelaar et al. 2011	76	22013116
